DOMAIN,LAST_UPDATE_TIMESTAMP,IPS
a9379992.g-service.ru,1564114273,84.22.158.244
aewe7.zkxww.com,1564115433,61.163.124.116
a104-107-242-220.deploy.static.akamaitechnologies.com,1564113892,104.107.242.220
aca04b73.ipt.aol.com,1548431165,172.160.75.115
autodiscover.brunoscopel.com,1564117461,192.185.217.9
adsl-63-205-55-96.dsl.lsan03.pacbell.net,1564115113,63.205.55.96
a104-107-8-219.deploy.static.akamaitechnologies.com,1564113828,104.107.8.219
adijon-158-1-14-91.w90-39.abo.wanadoo.fr,1554481414,90.39.215.91
arennes-650-1-26-217.w90-32.abo.wanadoo.fr,1564116710,90.32.209.217
a94-132-203-98.cpe.netcabo.pt,1564114243,94.132.203.98
aca08f31.ipt.aol.com,1548431331,172.160.143.49
adsl-62-167-174-15.adslplus.ch,1564115266,62.167.174.15
ahge.hg66444.com,1554482351,107.178.164.107
af.e9.7096.ip4.static.sl-reverse.com,1564115438,150.112.233.175
atrium-cham.ch,1564117787,5.148.183.91
autodiscover.bungomacountryside.com,1554483460,192.185.167.51
ai126229183196.34.access-internet.ne.jp,1564116195,126.229.183.196
alextandang.com,1564116251,50.63.202.39
a104-71-75-247.deploy.static.akamaitechnologies.com,1564113910,104.71.75.247
autodiscover.virginiaryan.com,1564117252,95.216.27.202
ackvacations.org,1564114676,208.91.197.27
adsl-68-251-116-234.dsl.sbndin.ameritech.net,1564115191,68.251.116.234
aclawyers.com,1564114737,206.188.193.27
asianhouse.com.tr,1564117697,78.142.208.12
adsl-63-192-216-191.dsl.snfc21.pacbell.net,1561091367,63.192.216.191
a211-217.amc.nl,1564113990,145.117.211.217
arennes-652-1-92-138.w2-11.abo.wanadoo.fr,1564116696,2.11.195.138
alf94-20-78-236-213-160.fbx.proxad.net,1564116250,78.236.213.160
adsl-98-95-91-23.jan.bellsouth.net,1564115477,98.95.91.23
afaria.newalta.com,1564115540,69.46.103.55
amarseille-652-1-266-105.w92-158.abo.wanadoo.fr,1550247323,92.158.93.105
autodiscover.mattialissi.com,1564117225,183.90.238.52
a212101.upc-a.chello.nl,1564113988,62.163.212.101
a104-73-131-37.deploy.static.akamaitechnologies.com,1564114039,104.73.131.37
a72-158.adsl.paltel.net,1564114208,213.6.72.158
adsl-63-195-183-177.dsl.snfc21.pacbell.net,1564115040,63.195.183.177
a104-73-155-254.deploy.static.akamaitechnologies.com,1564113936,104.73.155.254
autodiscover.chernivit.info,1554483547,209.99.40.223
aca5883a.ipt.aol.com,1548431099,172.165.136.58
autodiscover.mcuventures.com,1551457395,144.208.79.22
apn-94-44-16-54.vodafone.hu,1564117303,94.44.16.54
ahs-stamer.com,1564116129,62.159.77.216
an247.internetdsl.tpnet.pl,1564116297,80.53.171.247
apn-94-44-215-183.vodafone.hu,1564116717,94.44.215.183
adsl-74-234-143-222.bgk.bellsouth.net,1564115539,74.234.143.222
ahtezg.com,1564116292,119.28.142.235
a184-86-130-135.deploy.static.akamaitechnologies.com,1564114108,184.86.130.135
adsl-74-234-58-209.jax.bellsouth.net,1564115287,74.234.58.209
adsl-68-78-229-209.dsl.mdsnwi.ameritech.net,1564115178,68.78.229.209
aomenduchangyouyingqianma.nwnusch.com.cn,1564116484,23.107.137.223
a96-6-103-20.deploy.static.akamaitechnologies.com,1564114275,96.6.103.20
aomenduchangzhuanqian.herochemical.com,1564116615,35.169.58.188 54.208.77.124
autodiscover.cjwalkerhome.org,1564117297,162.241.224.233
ahwsjt.com,1564115887,218.5.74.87
ahyno.ewk5l.cn,1561092093,23.224.16.124
a23-51-73-91.deploy.static.akamaitechnologies.com,1564114072,23.51.73.91
ahzkft.com,1564116025,104.216.134.153
arennes-156-1-4-47.w2-14.abo.wanadoo.fr,1564117365,2.14.107.47
adsl-68-90-231-20.dsl.hstntx.swbell.net,1564115181,68.90.231.20
adsl-99-169-198-187.dsl.euclwi.sbcglobal.net,1564115430,99.169.198.187
aca6f31c.ipt.aol.com,1548431119,172.166.243.28
a96-6-178-6.deploy.akamaitechnologies.com,1564114300,96.6.178.6
autodiscover.cllrfonatikoffa.com,1554483476,209.99.64.51
aca6fc4b.ipt.aol.com,1547854733,172.166.252.75
autodiscover.cloud7-b2b.com,1564117131,85.31.14.187
acd18e04.ipt.aol.com,1548431159,172.209.142.4
adsl-68-93-174-4.dsl.okcyok.swbell.net,1564115205,68.93.174.4
a23-52-232-138.deploy.static.akamaitechnologies.com,1564114326,23.52.232.138
a184-87-197-109.deploy.static.akamaitechnologies.com,1564114020,184.87.197.109
aca74540.ipt.aol.com,1548432759,172.167.69.64
ai126248127163.9.tss.access-internet.ne.jp,1564116232,126.248.127.163
a23-52-3-192.deploy.static.akamaitechnologies.com,1564114129,23.52.3.192
autodiscover.winningwithjuniper.com,1561093354,198.54.117.197 198.54.117.198 198.54.117.199 198.54.117.200
a184-87-242-57.deploy.static.akamaitechnologies.com,1564114053,184.87.242.57
a-16-75.cust.iol.ie,1564113927,194.125.16.75
a104-78-92-93.deploy.static.akamaitechnologies.com,1564113889,104.78.92.93
adsl-64-161-125-57.dsl.snfc21.pacbell.net,1564115225,64.161.125.57
ai126160231195.39.access-internet.ne.jp,1552666830,126.160.231.195
amarilloyall.com,1564116199,50.63.202.37
a95-93-144-163.cpe.netcabo.pt,1564114277,95.93.144.163
analytics.greenpath.com,1564116425,12.219.55.147
autodiscover.worldwidecourierexpress.com,1554483795,192.185.60.148
aomenyulecheng.99san.com,1564116710,23.231.180.16
a95-93-178-32.cpe.netcabo.pt,1564114315,95.93.178.32
apn-95-41-193-136.dynamic.gprs.plus.pl,1564116623,95.41.193.136
ai126162083101.56.access-internet.ne.jp,1564116310,126.162.83.101
amarseille-257-1-24-37.w92-133.abo.wanadoo.fr,1564116378,92.133.165.37
adsl-99-180-26-100.dsl.sndg02.sbcglobal.net,1564115346,99.180.26.100
apn-95-41-59-61.dynamic.gprs.plus.pl,1564116577,95.41.59.61
a104-110-146-189.deploy.static.akamaitechnologies.com,1564115240,104.110.146.189
a23-204-60-190.deploy.static.akamaitechnologies.com,1564114161,23.204.60.190
adsl-098-075-079-029.sip.sdf.bellsouth.net,1564115033,98.75.79.29
adsl-69-109-156-188.dsl.sndg02.pacbell.net,1564115787,69.109.156.188
a184-29-123-153.deploy.static.akamaitechnologies.com,1564113950,184.29.123.153
a184-29-185-104.deploy.static.akamaitechnologies.com,1564114412,184.29.185.104
adsl-75-15-110-122.dsl.stlsmo.sbcglobal.net,1564115396,75.15.110.122
ai126252047184.4.access-internet.ne.jp,1564116277,126.252.47.184
a23-205-214-196.deploy.static.akamaitechnologies.com,1564114070,23.205.214.196
acd3afe2.ipt.aol.com,1548431218,172.211.175.226
autodiscover.datacentresltd.com,1564117063,83.167.180.17
a23-78-239-233.deploy.static.akamaitechnologies.com,1564114169,23.78.239.233
apointe-a-pitre-106-1-3-120.w90-36.abo.wanadoo.fr,1552667551,90.36.20.120
a104-111-133-6.deploy.static.akamaitechnologies.com,1564113909,104.111.133.6
a184-29-71-174.deploy.static.akamaitechnologies.com,1564114415,184.29.71.174
apointe-a-pitre-651-1-212-238.w90-31.abo.wanadoo.fr,1554483475,90.31.1.238
adsl-99-187-255-136.dsl.sndg02.sbcglobal.net,1564115393,99.187.255.136
areims-651-1-114-43.w90-18.abo.wanadoo.fr,1564116772,90.18.217.43
autodiscover.neos.soy,1564117158,198.49.75.66
areims-651-1-130-121.w90-58.abo.wanadoo.fr,1564116737,90.58.3.121
apoitiers-654-1-185-174.w92-146.abo.wanadoo.fr,1564116659,92.146.184.174
anastasiasvegancupcakery.com.au,1547231759,192.185.75.150
adsl-69-153-189-114.dsl.lbcktx.swbell.net,1564115176,69.153.189.114
a23-206-135-152.deploy.static.akamaitechnologies.com,1564114244,23.206.135.152
aca9c93c.ipt.aol.com,1548431207,172.169.201.60
alille-654-1-192-14.w92-147.abo.wanadoo.fr,1564116119,92.147.175.14
a23-58-157-201.deploy.static.akamaitechnologies.com,1564114229,23.58.157.201
adsl-69-231-120-182.dsl.irvnca.pacbell.net,1564115178,69.231.120.182
autodiscover.millerscreekrusticevents.com,1546619546,208.100.60.13
a95-95-172-228.cpe.netcabo.pt,1564114803,95.95.172.228
ai235097.ppp.asahi-net.or.jp,1564116064,138.64.235.97
a104-112-161-18.deploy.static.akamaitechnologies.com,1564113821,104.112.161.18
adsl-69-232-150-31.dsl.irvnca.pacbell.net,1564115372,69.232.150.31
a104-91-146-59.deploy.static.akamaitechnologies.com,1564113923,104.91.146.59
adsl-99-2-129-199.dsl.snlo01.sbcglobal.net,1564115366,99.2.129.199
acd7fb35.ipt.aol.com,1548431200,172.215.251.53
ai943.com,1564116301,154.223.6.27
admin.classicpictures.com,1564115436,198.58.118.167 45.33.2.79 45.33.23.183 45.56.79.23 45.79.19.196 96.126.123.244
a23-58-36-139.deploy.static.akamaitechnologies.com,1564114220,23.58.36.139
adsl-69-233-50-152.dsl.pltn13.pacbell.net,1564115294,69.233.50.152
ai126173167065.46.access-internet.ne.jp,1561092092,126.173.167.65
adsl-75-23-56-17.dsl.pltn13.sbcglobal.net,1564115362,75.23.56.17
adsl-69-235-204-25.dsl.irvnca.pacbell.net,1564115370,69.235.204.25
asrareasrubies.lengrant.myzen.co.uk,1564117155,82.71.204.26
autodiscover.conceptions360.com,1564117099,69.172.204.200
aepl179.neoplus.adsl.tpnet.pl,1564115642,79.191.141.179
a23-209-218-112.deploy.static.akamaitechnologies.com,1564114904,23.209.218.112
ariasbroscabinetry.com,1564116824,66.96.149.1
adsl-69-237-248-189.dsl.pltn13.pacbell.net,1564115377,69.237.248.189
ai126239194223.20.access-internet.ne.jp,1564116204,126.239.194.223
adsl-69-238-61-121.dsl.irvnca.pacbell.net,1564115239,69.238.61.121
autodiscover.contemporaryconcepts.com.au,1564117391,203.98.95.3
aliciaportraits.com,1564116272,107.178.255.126
ai126176085218.14.tss.access-internet.ne.jp,1564116215,126.176.85.218
acab4cc2.ipt.aol.com,1548431106,172.171.76.194
averw.feicuibuy.com.cn,1561093284,47.91.170.222
apollofjarilen.nu,1546619205,52.58.78.16
a-bookonow.cf,1564113826,195.20.52.108
admin.episodetip.com,1550850514,198.58.118.167 45.33.2.79 45.33.23.183 45.56.79.23 45.79.19.196 96.126.123.244
a96-7-170-84.deploy.static.akamaitechnologies.com,1564114741,96.7.170.84
a79-141-156-203.mpynet.fi,1564114857,79.141.156.203
arimrdelno.ml,1564116975,195.20.54.134
apointe-a-pitre-651-1-275-174.w90-31.abo.wanadoo.fr,1564116839,90.31.14.174
adsl-074-236-094-182.sip.bct.bellsouth.net,1564115199,74.236.94.182
autodiscover.cottesloeconstructions.com.au,1564117273,103.241.3.237
a79-168-139-17.cpe.netcabo.pt,1564114524,79.168.139.17
atoulon-552-1-20-249.w86-205.abo.wanadoo.fr,1564116949,86.205.41.249
a23-53-152-91.deploy.static.akamaitechnologies.com,1564114064,23.53.152.91
alignroofing.com,1564116245,184.168.131.241
a79-168-163-223.cpe.netcabo.pt,1564114214,79.168.163.223
apointe-a-pitre-651-1-73-140.w90-36.abo.wanadoo.fr,1553877343,90.36.37.140
amandastjohnmusic.co.uk,1564116313,23.236.62.147
a23-53-195-57.deploy.static.akamaitechnologies.com,1564114393,23.53.195.57
assets.users.fiskerapp.com,1564116818,46.30.213.211
a23-211-200-157.deploy.static.akamaitechnologies.com,1564114679,23.211.200.157
ai126167047034.37.access-internet.ne.jp,1561092025,126.167.47.34
acd427bb.ipt.aol.com,1548431980,172.212.39.187
attainablehope.com,1564116947,198.71.233.204
adsl-69-220-124-192.dsl.chcgil.ameritech.net,1564115737,69.220.124.192
ai126244228145.61.access-internet.ne.jp,1564115962,126.244.228.145
alille-257-1-213-211.w2-5.abo.wanadoo.fr,1564116430,2.5.148.211
aeru239.neoplus.adsl.tpnet.pl,1564115433,79.191.202.239
autodiscover.dentalumix.com,1564117223,204.11.55.9
a23-54-227-157.deploy.static.akamaitechnologies.com,1564114071,23.54.227.157
a104-89-43-138.deploy.static.akamaitechnologies.com,1564114047,104.89.43.138
alivetraps.com,1564116204,216.70.108.161
adsl-64-170-196-222.dsl.snfc21.pacbell.net,1564115169,64.170.196.222
adsl-76-242-20-71.dsl.irvnca.sbcglobal.net,1564115349,76.242.20.71
a83-162-143-133.adsl.xs4all.nl,1564114342,83.162.143.133
acad-6-2-253.dhcp.uno.edu,1564114637,137.30.150.253
adsl-074-238-177-088.sip.asm.bellsouth.net,1564115047,74.238.177.88
aesv110.neoplus.adsl.tpnet.pl,1564115858,79.191.229.110
abschlussregal.de,1564114412,185.53.178.8
ap-check2.chan.maine.edu,1564116715,130.111.22.166
a2-17-6-237.deploy.static.akamaitechnologies.com,1564114143,2.17.6.237
a23-212-24-142.deploy.static.akamaitechnologies.com,1564114228,23.212.24.142
apoitiers-652-1-445-10.w90-38.abo.wanadoo.fr,1564116736,90.38.69.10
ap-fp.com,1564116596,74.208.236.232
ap-geo1563.unil.ch,1564116588,10.70.5.21
adsl-76-246-166-187.dsl.snfc21.sbcglobal.net,1564115325,76.246.166.187
arewardcenter.icu,1552667607,74.119.239.234
a2-18-127-161.deploy.static.akamaitechnologies.com,1564114057,2.18.127.161
a23-55-193-196.deploy.static.akamaitechnologies.com,1564114219,23.55.193.196
autodiscover.dietsthatwork.eu,1564117238,208.73.210.202 208.73.210.217 208.73.211.165 208.73.211.177
alkermesfacts.net,1564116353,208.91.197.27
adsl-99-29-26-137.dsl.wlfrct.sbcglobal.net,1564115424,99.29.26.137
afrezzadownunder.com,1564115479,103.16.129.43
amazengraceministries.com,1564116428,35.226.60.13
aamd241.neoplus.adsl.tpnet.pl,1564114361,83.5.59.241
arf62-4-78-248-120-50.fbx.proxad.net,1564116748,78.248.120.50
ai126172119103.49.access-internet.ne.jp,1561092074,126.172.119.103
a104-115-177-58.deploy.static.akamaitechnologies.com,1564114356,104.115.177.58
asparindogrosir.com,1564116853,45.114.118.74
aux89-2-88-176-163-75.fbx.proxad.net,1564117231,88.176.163.75
autodiscover.ntfchem.com,1564117417,173.244.41.71
adsl-068-017-126-231.sip.clt.bellsouth.net,1564115244,68.17.126.231
adsl-64-175-103-190.dsl.lsan03.pacbell.net,1564115139,64.175.103.190
adsl-068-153-161-037.sip.mia.bellsouth.net,1564114942,68.153.161.37
auy56-h02-176-131-178-12.dsl.sta.abo.bbox.fr,1564117251,176.131.178.12
a104-115-88-226.deploy.static.akamaitechnologies.com,1564113875,104.115.88.226
a1911.dscb.akamai.net,1564170379,104.123.154.18 104.123.154.27 128.241.218.11 128.241.218.26
ambulante-reha-eschler.mobi,1564116206,130.185.109.77
academiccourses.cn,1564114742,5.198.251.168
a83144.upc-a.chello.nl,1564114335,62.163.83.144
aamiens-555-1-13-132.w2-5.abo.wanadoo.fr,1561090552,2.5.33.132
a104-87-151-58.deploy.static.akamaitechnologies.com,1564113940,104.87.151.58
a23-214-124-169.deploy.static.akamaitechnologies.com,1564114505,23.214.124.169
a84-53-181-175.deploy.akamaitechnologies.com,1564114611,84.53.181.175
amcvds1.mn2.visi.com,1564116375,209.98.121.33
a23-214-162-55.deploy.static.akamaitechnologies.com,1564114040,23.214.162.55
a23-214-173-135.deploy.static.akamaitechnologies.com,1564114176,23.214.173.135
a85-138-111-199.cpe.netcabo.pt,1564114198,85.138.111.199
acd6f14f.ipt.aol.com,1548431259,172.214.241.79
autodiscover.doubledelicious.online,1554483531,108.167.172.130
apanke.de,1564116596,93.90.186.45
autodiscover.zestdanceworkshops.co.uk,1564117428,212.54.130.236
admin.morgansl.com,1564115176,54.77.151.38
a85-138-16-239.cpe.netcabo.pt,1564114645,85.138.16.239
ai126184142243.15.access-internet.ne.jp,1552667418,126.184.142.243
a1elf.087r.top,1564114055,198.16.53.187
autodiscover.znw.qeh.mybluehost.me,1564117579,50.87.249.38
a23-214-55-227.deploy.static.akamaitechnologies.com,1564114072,23.214.55.227
autodiscover.zungle.co.za,1564117310,41.185.8.229
ac158064.ppp.asahi-net.or.jp,1564115137,183.77.158.64
a79-169-197-248.cpe.netcabo.pt,1564114714,79.169.197.248
ac208038.ppp.asahi-net.or.jp,1564114776,183.77.208.38
autodiscover.drycleanerglencove.com,1564117062,192.185.48.167
apartmentliquidators.com,1564117079,35.186.238.101
admin.nyoogle.com,1564115303,64.32.8.68
a1yogurt.com,1564113974,184.168.221.90
aa.74.85a2.ip4.static.sl-reverse.com,1564114997,162.133.116.170
ac224068.ppp.asahi-net.or.jp,1564114587,183.77.224.68
aputeaux-553-1-15-252.w86-249.abo.wanadoo.fr,1564116719,86.249.94.252
arouen-251-1-9-184.w90-51.abo.wanadoo.fr,1564117208,90.51.210.184
aici-us.net,1564115976,208.91.197.27
adsl-69-214-30-231.dsl.klmzmi.ameritech.net,1564115227,69.214.30.231
a79-169-78-75.cpe.netcabo.pt,1564114269,79.169.78.75
alimouri.com,1564116232,184.168.131.241
anfos.upc.es,1564116341,147.83.17.119
a104-84-189-87.deploy.static.akamaitechnologies.com,1564114064,104.84.189.87
alinihatgokyigityatirimholding.istanbul,1548432694,85.159.66.93
americahomes.us,1564116288,192.64.119.37
aidient.com,1564115980,107.160.166.52
afwme.ndwssj.com,1548432185,146.148.153.17
ai126188010054.59.access-internet.ne.jp,1564116162,126.188.10.54
ai126188022193.59.access-internet.ne.jp,1564115916,126.188.22.193
a104-85-130-143.deploy.static.akamaitechnologies.com,1564114343,104.85.130.143
a104-85-139-238.deploy.static.akamaitechnologies.com,1564114046,104.85.139.238
a8.4d.344a.static.theplanet.com,1564114262,74.52.77.168
alishapureangel.asianpornjoy.com,1553876789,74.220.199.6
acaen-652-1-155-84.w92-154.abo.wanadoo.fr,1564114614,92.154.235.84
angelapavone.it,1564116435,91.134.197.16
ag-bioforce-serial4-3-13-23-1.albny01.paetec.net,1564115547,74.9.183.173
a104-85-192-96.deploy.static.akamaitechnologies.com,1564114106,104.85.192.96
adsl-76-255-164-142.dsl.skt2ca.sbcglobal.net,1564115334,76.255.164.142
acaen-652-1-184-53.w86-215.abo.wanadoo.fr,1564114877,86.215.104.53
aig34-1-88-167-228-198.fbx.proxad.net,1564116047,88.167.228.198
adsl-99-88-105-43.dsl.chcgil.sbcglobal.net,1564115377,99.88.105.43
autolyrics.com,1564117464,184.154.78.38
a2-20-133-8.deploy.static.akamaitechnologies.com,1564114487,2.20.133.8
adsl-99-89-248-91.dsl.wotnoh.sbcglobal.net,1564115528,99.89.248.91
autodiscover.patrikaolanches.com.br,1564117277,108.179.252.23
apexaudio.co.uk,1564116967,185.151.30.133
adsl-99-91-246-195.dsl.lsan03.sbcglobal.net,1564115474,99.91.246.195
a1.svrtrc.com,1564114078,77.104.176.76
adsl-70-240-129-30.dsl.stlsmo.swbell.net,1564115305,70.240.129.30
acaen-654-1-120-41.w81-48.abo.wanadoo.fr,1554481080,81.48.23.41
autodiscover.peixinhodourado.com.br,1564117293,162.241.2.122
a80-101-181-83.adsl.xs4all.nl,1564114306,80.101.181.83
a88-157-71-159.cpe.netcabo.pt,1564114240,88.157.71.159
adsl-99-96-184-182.dsl.pltn13.sbcglobal.net,1564115369,99.96.184.182
a23-215-59-119.deploy.static.akamaitechnologies.com,1564114322,23.215.59.119
automobileinterlock.com,1564117218,217.19.248.132
a104-100-178-109.deploy.static.akamaitechnologies.com,1564113821,104.100.178.109
ageofgame.it,1564115901,172.104.138.48
americanpresidentialprimary.com,1564116386,69.172.201.153
augustandlucy.com,1564117173,199.34.228.152
aclermont-ferrand-653-1-196-55.w90-14.abo.wanadoo.fr,1564115263,90.14.12.55
agewellhomehelpers.com,1564115868,66.96.147.103
adsl-108-232-74-227.dsl.ksc2mo.sbcglobal.net,1564115322,108.232.74.227
askjaykinder.com,1564116877,184.168.131.241
aimlogistics.in,1554482692,65.60.53.2
americaonlineinstantmessenger.com,1564116305,106.10.248.150 124.108.115.100 212.82.100.150 74.6.136.150 98.136.103.23
acafd3a9.ipt.aol.com,1548431437,172.175.211.169
allaboutthefoam.com,1564116493,50.63.202.41
ain20.internetdsl.tpnet.pl,1564116051,83.16.221.20
a23-7-4-109.deploy.static.akamaitechnologies.com,1564114367,23.7.4.109
aumediasystems.com,1564117077,124.217.241.133
aannecy-256-1-15-222.w92-129.abo.wanadoo.fr,1561090545,92.129.77.222
ac83e159.ipt.aol.com,1548431493,172.131.225.89
a104-95-200-190.deploy.static.akamaitechnologies.com,1564114065,104.95.200.190
adsl-76-208-159-174.dsl.lsan03.sbcglobal.net,1564115785,76.208.159.174
autodiscover.euroblast.pl,1564117134,68.66.248.12
adsl-108-74-221-27.dsl.emhril.sbcglobal.net,1564114955,108.74.221.27
av.napa.fi,1564117235,185.11.211.37
autodiscover.rubemyrrha.com.br,1564117262,192.185.221.229
a23-220-139-250.deploy.static.akamaitechnologies.com,1564114107,23.220.139.250
agilecampus.com,1564115813,142.4.204.181
adsl-108-77-115-189.dsl.rcsntx.sbcglobal.net,1564115246,108.77.115.189
ai126165218000.73.access-internet.ne.jp,1564116027,126.165.218.0
api.datacenter.couchcommerce.com,1564116732,134.119.13.82
av16794-2.comex.ru,1564117289,217.10.46.17
acnr37.neoplus.adsl.tpnet.pl,1564115065,83.10.171.37
acb003e4.ipt.aol.com,1547854883,172.176.3.228
aupremium.com.au,1564116702,47.91.42.167
adsl-108-82-193-242.dsl.spf2mo.sbcglobal.net,1564115284,108.82.193.242
adsl-108-82.teol.net,1564115033,94.250.108.82
adsl-108-84-32-81.dsl.euclwi.sbcglobal.net,1564114985,108.84.32.81
aginglifeguides-com.mail.protection.outlook.com,1564115825,104.47.34.36 104.47.32.36
adsl-70-149-173-11.btr.bellsouth.net,1564115342,70.149.173.11
autodiscover.sahkoheiska.fi,1564117264,176.74.19.164
autodiscover.fabricobsession.co.za,1564117431,41.185.8.102
adsl-75-61-204-157.dsl.pltn13.sbcglobal.net,1564115365,75.61.204.157
api.heaptask.com,1548432989,192.241.202.217
ac851bf6.ipt.aol.com,1548431295,172.133.27.246
a104-97-113-100.deploy.static.akamaitechnologies.com,1564113944,104.97.113.100
autodiscover.familiadesprotegida.org,1564117096,91.195.240.126
a82-93-159-1.adsl.xs4all.nl,1564114497,82.93.159.1
adsl-dyn101.78-99-123.t-com.sk,1564115905,78.99.123.101
ag229lab-21.ad.csufresno.edu,1554482339,129.8.176.150
andreas-garrels.de,1561092397,185.53.179.8
ac8581a2.ipt.aol.com,1548431521,172.133.129.162
a23-63-226-6.deploy.static.akamaitechnologies.com,1564114089,23.63.226.6
a23-63-242-134.deploy.static.akamaitechnologies.com,1564114426,23.63.242.134
allergiefrei-essen.com,1564116337,91.195.240.126
acb16c51.ipt.aol.com,1548431428,172.177.108.81
a104-93-18-84.deploy.static.akamaitechnologies.com,1564113879,104.93.18.84
astrotechmaster.com,1564116857,52.213.17.132
aishang.spzs.com,1564116254,122.115.40.2
avatars.ivyharriet-06ae20ebdd210e9f5.ghe-test.net,1564117327,18.203.247.49
aisushi.us,1548474200,162.241.5.125
ai126178204032.16.tss.access-internet.ne.jp,1564115884,126.178.204.32
a23-192-2-152.deploy.static.akamaitechnologies.com,1564114055,23.192.2.152
applywithrich.net,1564116642,184.168.131.241
aaubervilliers-553-1-19-29.w82-121.abo.wanadoo.fr,1561090544,82.121.128.29
aaubervilliers-553-1-32-207.w86-212.abo.wanadoo.fr,1564114509,86.212.204.207
arma-print.ru,1564117691,81.177.139.161
appnex.net,1564116685,205.144.171.161
acrotech.nl,1564114769,104.27.158.103 104.27.159.103
armadillo-studio.corkinfo.pl,1564116998,31.186.86.189
amfi364-a062.home.otenet.gr,1564116456,195.167.112.158
autodiscover.hdhybris.nl,1564117541,188.226.208.161
adsl-dyn218.78-99-173.t-com.sk,1564115604,78.99.173.218
apn-37-248-231-150.dynamic.gprs.plus.pl,1564116604,37.248.231.150
amg01-h02-176-189-82-58.dsl.sta.abo.bbox.fr,1564116257,176.189.82.58
admin.ultravrunner.com,1564115104,103.6.196.118
a104-94-243-30.deploy.static.akamaitechnologies.com,1564114180,104.94.243.30
autodiscover.heatingraleigh.net,1564117260,68.171.209.122
a104-103-174-194.deploy.static.akamaitechnologies.com,1564114110,104.103.174.194
asyajgc.com,1554483472,54.204.234.181
a104-94-65-44.deploy.static.akamaitechnologies.com,1564113879,104.94.65.44
autodiscover.helpfulinsuranceagent.com,1564117099,144.208.71.115
anice-652-1-29-162.w83-201.abo.wanadoo.fr,1564116733,83.201.180.162
avimehta.blog,1564117369,192.0.78.24 192.0.78.25
a23-12-36-205.deploy.static.akamaitechnologies.com,1564114139,23.12.36.205
adsl-84-227-118-196.adslplus.ch,1564115279,84.227.118.196
armowax.com,1564116708,40.119.158.155
adsl-dyn68.91-127-202.t-com.sk,1564115927,91.127.202.68
adsl-66-122-1-94.dsl.bkfd14.pacbell.net,1564115600,66.122.1.94
a85-139-51-123.cpe.netcabo.pt,1564114603,85.139.51.123
apn-37-249-35-196.dynamic.gprs.plus.pl,1564116707,37.249.35.196
adsl-66-122-38-50.dsl.sntc01.pacbell.net,1564115214,66.122.38.50
adsl-66-122-46-139.dsl.anhm01.pacbell.net,1564115162,66.122.46.139
a23-222-58-224.deploy.static.akamaitechnologies.com,1564114708,23.222.58.224
a23-222-85-39.deploy.static.akamaitechnologies.com,1564114110,23.222.85.39
autodiscover.reidglass.cloud1.hlmtech.com,1564117352,172.98.64.218
aannecy-551-1-409-7.w90-27.abo.wanadoo.fr,1564114303,90.27.184.7
ajdc-rdc.org,1564116570,46.105.57.169
adsl-141.79.107.89.tellas.gr,1564115265,79.107.89.141
ajejubqxmruvybsje.com,1548432484,209.99.40.223
atasavun.com,1564116978,192.185.225.1
actitudtecnologica.com,1564115042,75.126.5.21
activ8.team,1564114760,185.134.245.113
activaid.nl,1564115271,37.97.135.129
autodiscover.gamerton.com,1549042956,192.185.39.68
a05d73fa.state.nj.us,1564113843,160.93.115.250
autodiscover.resesanicaragua.com,1564117233,192.254.190.100
amontpellier-651-1-403-32.w81-251.abo.wanadoo.fr,1564116447,81.251.234.32
agrenoble-653-1-512-42.w92-129.abo.wanadoo.fr,1564115857,92.129.44.42
ajijf.nddamp.com,1564116384,204.11.56.48
a1055.bkmpw2.com,1564113961,60.199.193.214
ai126183129240.57.access-internet.ne.jp,1564115888,126.183.129.240
adsl-074-166-206-210.sip.bct.bellsouth.net,1564114959,74.166.206.210
ajlakuh.ltd,1564116299,156.236.49.229
adsl-184-34-46-12.cae.bellsouth.net,1564114998,184.34.46.12
apn-31-1-49-82.dynamic.gprs.plus.pl,1564116565,31.1.49.82
avp.livecasteventz.in,1554483821,50.87.56.98
autodiscover.agostinhocruz.com,1564117060,148.251.20.106
acbc15ec.ipt.aol.com,1547854513,172.188.21.236
amontpellier-653-1-341-133.w81-251.abo.wanadoo.fr,1561092751,81.251.89.133
allianzevents.co.uk,1564116161,5.79.11.169
acbc391c.ipt.aol.com,1548431114,172.188.57.28
allieddp.info,1564116190,184.168.131.241
adsl196-166-50-217-196.adsl196-10.iam.net.ma,1564115534,196.217.50.166
app.nwcouncil.org,1564116727,206.72.98.43
a23-3-60-77.deploy.static.akamaitechnologies.com,1564114053,23.3.60.77
adsl-074-168-092-208.sip.mcn.bellsouth.net,1564115105,74.168.92.208
annaquinnuk.com,1561092638,91.195.240.126
actnepal.com,1564114768,104.27.154.194 104.27.155.194
autodiscover.aktivferiesydafrika.dk,1554483518,88.99.250.161
ai126192202024.75.access-internet.ne.jp,1564115932,126.192.202.24
atelier-philia.com,1564116947,91.184.0.100
aksitogel.com,1564116062,184.95.46.59
adsl-184-36-229-75.asm.bellsouth.net,1564114988,184.36.229.75
annasommersdorf.com,1552061668,209.99.64.53
actorjordancharles.com,1564114768,23.236.62.147
a23-34-24-167.deploy.static.akamaitechnologies.com,1564114243,23.34.24.167
autodiscover.albetech.co.za,1564117931,41.185.8.110
a83-160-188-169.adsl.xs4all.nl,1564114263,83.160.188.169
avto-storm.ru,1564117314,185.84.110.72 185.84.110.73
autodiscover.propheticpraiser.com,1564117136,192.185.182.107
artesanatotudodebom.com.br,1564116747,104.28.4.62 104.28.5.62
aapf253.neoplus.adsl.tpnet.pl,1564114485,83.5.139.253
aktivan.de,1564116128,217.160.233.235
a23-192-246-248.deploy.static.akamaitechnologies.com,1564114109,23.192.246.248
allisunfellionart.com,1564116264,198.185.159.144 198.185.159.145 198.49.23.144 198.49.23.145
adsl-184-37-232-189.asm.bellsouth.net,1564115750,184.37.232.189
adsl-072-149-006-069.sip.mia.bellsouth.net,1564115182,72.149.6.69
a83-160-53-214.adsl.xs4all.nl,1564114450,83.160.53.214
a104-118-103-33.deploy.static.akamaitechnologies.com,1564114311,104.118.103.33
acua238.neoplus.adsl.tpnet.pl,1564114786,83.11.80.238
ac8e99e7.ipt.aol.com,1548431113,172.142.153.231
anneoller.realtor,1564116517,54.86.18.210
a104-118-180-126.deploy.static.akamaitechnologies.com,1564113999,104.118.180.126
apn-122-252-202-gprs.simobil.net,1564116573,46.122.252.202
a23-8-49-4.deploy.static.akamaitechnologies.com,1564114127,23.8.49.4
a172-227-175-144.deploy.static.akamaitechnologies.com,1564113929,172.227.175.144
acum85.neoplus.adsl.tpnet.pl,1564115443,83.11.92.85
adsl-west-115-225-181-183.enjoy.ne.jp,1564115390,183.181.225.115
acbde797.ipt.aol.com,1548431177,172.189.231.151
arthur-dent.dhcp.hunter.cuny.edu,1564116903,146.95.140.246
adsl-072-151-099-065.sip.asm.bellsouth.net,1564114970,72.151.99.65
apn-122-87-31-gprs.simobil.net,1564116633,46.122.87.31
a23-193-213-174.deploy.static.akamaitechnologies.com,1564114208,23.193.213.174
agentjanie.com,1564116383,104.164.194.75
adsl-72-144-143-205.mia.bellsouth.net,1564115287,72.144.143.205
autodiscover.fmpasion.com.py,1549042522,192.185.175.170
a104-118-90-245.deploy.static.akamaitechnologies.com,1564114748,104.118.90.245
a23-9-136-24.deploy.static.akamaitechnologies.com,1554480968,23.9.136.24
a23-193-247-56.deploy.static.akamaitechnologies.com,1564114058,23.193.247.56
adsl-072-151-199-054.sip.mia.bellsouth.net,1564115221,72.151.199.54
adsl-98-64-125-148.mia.bellsouth.net,1564115774,98.64.125.148
autodiscover.fontainedejardin.net,1564117082,137.74.94.150
autodiscover.rabotilnica.com,1564117240,91.196.124.122
awa2013.concurrences.com,1564117438,213.186.47.171
al-staff-805-gw.csumain.csu.edu.au,1564116252,137.166.135.254
a23-194-113-82.deploy.static.akamaitechnologies.com,1564114677,23.194.113.82
adsl-178-39-44-40.adslplus.ch,1564116420,178.39.44.40
a104-120-104-212.deploy.static.akamaitechnologies.com,1546617269,104.120.104.212
azuregateway-279dd860-54c9-434b-84aa-e0d52e831d16-2f29238088ba.cloudapp.net,1564117633,51.140.140.23
athedsl-124401.home.otenet.gr,1564116965,85.75.61.144
adsl190-28-162-157.epm.net.co,1564115503,190.28.162.157
anjelacosmeticclinic.com,1564116394,23.236.62.147
a104-120-248-48.deploy.static.akamaitechnologies.com,1564113921,104.120.248.48
ai126188218200.59.access-internet.ne.jp,1564116047,126.188.218.200
athedsl-144497.home.otenet.gr,1564117260,85.75.236.16
a89-153-155-65.cpe.netcabo.pt,1564114208,89.153.155.65
adsl190-28-252-60.epm.net.co,1564115465,190.28.252.60
a23-197-123-134.deploy.static.akamaitechnologies.com,1564114357,23.197.123.134
adsl-66-143-105-213.dsl.hstntx.swbell.net,1564115382,66.143.105.213
ai126149209186.54.access-internet.ne.jp,1564116460,126.149.209.186
adsl-184-32-35-168.mia.bellsouth.net,1564115083,184.32.35.168
adsl-184-32-43-90.mia.bellsouth.net,1564115031,184.32.43.90
adsl190-71-145-95.epm.net.co,1564115419,190.0.0.1
autodiscover.secure.emex.ro,1564117255,87.243.0.6
apracingoffroad.com,1564116728,195.22.8.68
almoheb2.ae,1564116316,5.195.197.86
a23-76-138-141.deploy.static.akamaitechnologies.com,1564114685,23.76.138.141
aka-shop.com,1564116357,198.71.233.197
a23-197-93-100.deploy.static.akamaitechnologies.com,1564114017,23.197.93.100
ac8b6546.ipt.aol.com,1547854655,172.139.101.70
adsl-99-13-111-39.dsl.lsan03.sbcglobal.net,1564115397,99.13.111.39
ai126190007065.35.access-internet.ne.jp,1564116123,126.190.7.65
a89-154-20-5.cpe.netcabo.pt,1564114277,89.154.20.5
akafi-01p1-78.ppp11.odn.ad.jp,1564116144,211.121.248.78
adnk232.neoplus.adsl.tpnet.pl,1564114940,79.185.66.232
a23-40-12-149.deploy.static.akamaitechnologies.com,1564114029,23.40.12.149
a89-154-235-57.cpe.netcabo.pt,1564114378,89.154.235.57
ai126133114204.71.access-internet.ne.jp,1564115980,126.133.114.204
a23-40-137-183.deploy.static.akamaitechnologies.com,1564114199,23.40.137.183
apzhgd.top,1552061852,47.91.170.222
ac8bfa7e.ipt.aol.com,1548431132,172.139.250.126
a233-05.fsv.cvut.cz,1564114131,147.32.137.73
autodiscover.andrewduarte.com.au,1564117069,192.185.71.136
atoulouse-653-1-538-4.w109-220.abo.wanadoo.fr,1552667780,109.220.105.4
a109-49-186-16.cpe.netcabo.pt,1564114257,109.49.186.16
adsl-74-162-239-198.bna.bellsouth.net,1564115469,74.162.239.198
amisol.org,1564116721,18.214.12.44 54.165.216.248
autodiscover.antenorpinheiro.com,1564117037,192.185.30.58
apn-46-168-252-23.dynamic.gprs.plus.pl,1564116711,46.168.252.23
ai126197220038.18.access-internet.ne.jp,1564115934,126.197.220.38
aqlh.us,1564116625,104.27.152.104 104.27.153.104
awbl89-65.qubee.com.bd,1549042874,1.2.3.4
adsl-074-169-186-148.sip.mia.bellsouth.net,1564115058,74.169.186.148
amjs8033111.com,1561092435,91.195.240.87
autodiscover.spinnaker.hu,1564117189,87.229.73.213
awec-52.awec.ednet.ns.ca,1564117332,142.227.153.52
a23-41-244-75.deploy.static.akamaitechnologies.com,1564114237,23.41.244.75
apn-46-169-175-173.dynamic.gprs.plus.pl,1564116747,46.169.175.173
autodeskeducation.com,1564117033,199.73.55.35
adsl-074-171-027-157.sip.int.bellsouth.net,1564115210,74.171.27.157
aqua4vitae.org,1564116687,50.63.202.60
a2plvcpnl109552.prod.iad2.secureserver.net,1561091275,148.72.0.132
art95-h01-31-34-129-110.dsl.sta.abo.bbox.fr,1564116798,31.34.129.110
a23-38-81-81.deploy.static.akamaitechnologies.com,1561090323,23.38.81.81
adsl-67-32-233-141.jan.bellsouth.net,1564115106,67.32.233.141
adsl-67-32-236-168.jan.bellsouth.net,1564115213,67.32.236.168
amn114.internetdsl.tpnet.pl,1564116347,83.17.69.114
anporters.be,1564116491,77.111.240.116
alajmannews.com,1564116119,154.210.76.238
a23-39-127-130.deploy.static.akamaitechnologies.com,1564114037,23.39.127.130
adsl-074-172-059-163.sip.asm.bellsouth.net,1564115324,74.172.59.163
a23-39-178-45.deploy.static.akamaitechnologies.com,1564114113,23.39.178.45
amodv2.taskyou.net,1564116280,160.19.49.167
a23-194-4-11.deploy.static.akamaitechnologies.com,1546616956,23.194.4.11
autodiscover.stratfordcoal.com.au,1564117407,101.178.148.53
a184-24-131-239.deploy.static.akamaitechnologies.com,1564114114,184.24.131.239
autodiscover.isohub.org,1564117117,162.241.244.112
a23-39-83-119.deploy.static.akamaitechnologies.com,1564114213,23.39.83.119
a23-195-121-157.deploy.static.akamaitechnologies.com,1564114306,23.195.121.157
adsages.com,1561091485,208.91.197.13
athedsl-284957.home.otenet.gr,1564117246,85.73.160.187
ai126202028110.64.access-internet.ne.jp,1564116162,126.202.28.110
accb9651.ipt.aol.com,1547223091,172.203.150.81
adsl-67-38-67-125.dsl.sfldmi.ameritech.net,1564115159,67.38.67.125
apn-46-169-2-98.dynamic.gprs.plus.pl,1564116562,46.169.2.98
autodiscover.actioncutprint.com,1564117021,192.232.249.140
adsl-98-80-30-29.shv.bellsouth.net,1564115583,98.80.30.29
adsl-67-66-173-190.dsl.rcsntx.swbell.net,1564115126,67.66.173.190
ai126202202127.64.access-internet.ne.jp,1564116208,126.202.202.127
adsl-67-66-235-100.dsl.fyvlar.swbell.net,1564115401,67.66.235.100
ai126202246036.64.access-internet.ne.jp,1564115915,126.202.246.36
antelopevalleygiantsathletics.club,1554482942,104.154.95.49
autodiscover.arkamaquilas.com.mx,1564117022,67.23.237.158
adsl-68-120-88-214.dsl.irvnca.pacbell.net,1564115272,68.120.88.214
adsl-98-82-10-147.jax.bellsouth.net,1564115795,98.82.10.147
agr194-144.hines.hokudai.ac.jp,1564115836,133.50.194.144
a95-101-201-163.deploy.static.akamaitechnologies.com,1564114346,95.101.201.163
adsl-74-178-59-67.gnv.bellsouth.net,1564115323,74.178.59.67
a72-246-221-186.deploy.static.akamaitechnologies.com,1564114149,72.246.221.186
a95-101-215-231.deploy.static.akamaitechnologies.com,1564114215,95.101.215.231
adsl-74-179-110-223.gnv.bellsouth.net,1564115464,74.179.110.223
adsl-98-82-6-114.jax.bellsouth.net,1564115703,98.82.6.114
adsl-74-179-126-43.gnv.bellsouth.net,1564115269,74.179.126.43
artyco-trade.nl,1564116843,46.182.183.114
azuregateway-bc605ffc-50e3-4e8f-adf3-8de16e5da7fa-6da884ea526b.cloudapp.net,1564117715,52.237.36.235
adsl-98-83-137-115.bhm.bellsouth.net,1564115560,98.83.137.115
aruba.fr,1564116812,82.193.34.44
apn-46-215-34-158.dynamic.gprs.plus.pl,1564116572,46.215.34.158
a72-246-77-198.deploy.static.akamaitechnologies.com,1564114238,72.246.77.198
adsl-98-83-219-176.bhm.bellsouth.net,1564115398,98.83.219.176
apn-46-215-66-248.dynamic.gprs.plus.pl,1564116802,46.215.66.248
ac979de8.ipt.aol.com,1548431084,172.151.157.232
a110.sub203.net78.udm.net,1564114065,78.85.203.110
autodiscover.astronautwendylawrence.com,1564117188,192.254.190.152
azuregateway-d7979829-4542-41a6-8fdc-3eba0187b3fb-a95c0d2e0079.vpn.azure.com,1553878216,52.177.219.209
adsl-98-83-88-66.bhm.bellsouth.net,1564115390,98.83.88.66
aquariussign.com,1564116749,185.53.177.31
adoptionsforall.info,1554481465,184.168.221.81
apn-46-76-115-216.dynamic.gprs.plus.pl,1564116810,46.76.115.216
adsl-74-190-230-105.asm.bellsouth.net,1564115465,74.190.230.105
adultmodelsuk.com,1564115603,50.63.202.32
apn-46-76-170-113.dynamic.gprs.plus.pl,1564116930,46.76.170.113
akq218.internetdsl.tpnet.pl,1564116061,83.17.20.218
a72-247-198-90.deploy.static.akamaitechnologies.com,1564114177,72.247.198.90
a95-92-12-28.cpe.netcabo.pt,1564114561,95.92.12.28
aquebogueabstract.com,1564116685,59.190.130.26
acba74bf.ipt.aol.com,1548431151,172.186.116.191
alamentin-652-1-20-111.w83-203.abo.wanadoo.fr,1564116312,83.203.36.111
alyon-652-1-129-173.w90-15.abo.wanadoo.fr,1564116447,90.15.24.173
a23-46-238-82.deploy.static.akamaitechnologies.com,1564114123,23.46.238.82
autodiscover.autoalignlc.com,1561093096,192.254.225.180
alamentin-652-1-53-5.w83-203.abo.wanadoo.fr,1564116405,83.203.74.5
autodiscover.autolocksmithsandysprings.com,1564117043,192.185.26.195
a95-92-186-99.cpe.netcabo.pt,1564114383,95.92.186.99
adpr190.neoplus.adsl.tpnet.pl,1564114877,79.185.125.190
as5300-15-019.cnt.entelchile.net,1564116811,200.11.80.29
a23-46-85-9.deploy.static.akamaitechnologies.com,1564114236,23.46.85.9
apirohealth.com,1554483105,50.63.202.84
ai126215007242.78.access-internet.ne.jp,1564116013,126.215.7.242
adra-ic.com,1564114889,23.228.225.122
autodiscover.the-lamplighters.com,1564117310,74.220.199.6
a23-47-240-175.deploy.static.akamaitechnologies.com,1564114074,23.47.240.175
a89-183-204-29.net-htp.de,1564114421,89.183.204.29
ar106.ar.utk.edu,1564116635,10.46.160.86
antivlam.be,1564116952,188.93.150.97
alarmadesismos.cl,1554482514,159.203.117.91
adsl-199-19-172-171.dynamic.caneris.com,1564115102,199.19.172.171
awork075226.netvigator.com,1564117297,203.198.103.226
a23-48-205-57.deploy.static.akamaitechnologies.com,1564115400,23.48.205.57
amplifly.solutions,1564116407,50.63.202.48
adropap4.lit.rev-fortech.cz,1564115256,213.250.199.12
alaskaluxurycruise.com,1564116235,35.186.238.101
adsl-68-159-70-17.gsp.bellsouth.net,1564115241,68.159.70.17
adrshippingagency.com,1564115029,216.239.32.21 216.239.34.21 216.239.36.21 216.239.38.21
autobodymedford.com,1564117086,192.145.235.192
awpartners.michalmajer.com,1564117397,138.68.92.219
autocannabisseeds.net,1564117164,91.195.240.94
awqiev.loan,1549042743,47.91.170.222
ai126156132210.42.access-internet.ne.jp,1552666977,126.156.132.210
autocayman.com,1564117401,208.91.197.46
adsl-74-241-89-190.msy.bellsouth.net,1564115506,74.241.89.190
abordeaux-655-1-21-166.w86-222.abo.wanadoo.fr,1554480881,86.222.9.166
athedsl-4509151.home.otenet.gr,1564117002,94.71.185.231
adsl-98-90-174-174.mob.bellsouth.net,1564115577,98.90.174.174
amrbxn.www.iu747.com,1564116315,23.224.40.133
a12-164.amc.nl,1564114391,145.117.12.164
autoconfig.windowtownofwyomingvalley.com,1561093096,69.55.68.176
ac94ad93.ipt.aol.com,1548431075,172.148.173.147
autodiscover.supervisacanada.info,1564117254,198.57.151.37
abo-226-198-68.ang.modulonet.fr,1564114800,85.68.198.226
adijon-654-1-110-112.w90-39.abo.wanadoo.fr,1564114963,90.39.205.112
ams80-1-82-246-86-142.fbx.proxad.net,1564116414,82.246.86.142
a1222209341641670376p.heyhk.com,1561090368,45.43.235.90
aca1a685.ipt.aol.com,1547854676,172.161.166.133
adsl-74-243-99-217.sav.bellsouth.net,1564115211,74.243.99.217
aomenbaijialeyulecheng.laimao1826.com,1564116437,208.91.197.160
ai126157131119.43.access-internet.ne.jp,1552666846,126.157.131.119
adsl-208-61-53-8.asm.bellsouth.net,1564115037,208.61.53.8
aratta.org.ua,1564117586,91.229.78.140
ai126157173243.43.access-internet.ne.jp,1552666901,126.157.173.243
adsl-74-248-240-137.gsp.bellsouth.net,1564115398,74.248.240.137
adsl-99-148-79-135.dsl.irvnca.sbcglobal.net,1564115324,99.148.79.135
apn-46-77-244-26.dynamic.gprs.plus.pl,1564116675,46.77.244.26
adsl-99-15-114-7.lightspeed.nsvltn.sbcglobal.net,1564115347,99.15.114.7
amsupco.com,1564116525,107.151.116.104
a89-155-141-30.cpe.netcabo.pt,1564114574,89.155.141.30
adsl-75-32-61-151.dsl.amrltx.sbcglobal.net,1564115278,75.32.61.151
autodiscover.talbothousedentalcare.co.uk,1564117198,81.27.85.15
adsl-99-150-183-119.dsl.sfldmi.sbcglobal.net,1564115892,99.150.183.119
a104-68-86-100.deploy.static.akamaitechnologies.com,1564114072,104.68.86.100
aca27917.ipt.aol.com,1548431382,172.162.121.23
adsl-074-182-240-134.sip.ard.bellsouth.net,1564114900,74.182.240.134
asco.ru,1564116799,79.99.17.141
ai126222033192.30.access-internet.ne.jp,1564115947,126.222.33.192
a23-46-209-54.deploy.static.akamaitechnologies.com,1564114190,23.46.209.54
arennes-654-1-129-189.w2-13.abo.wanadoo.fr,1553273105,2.13.40.189
anytopdf.cf,1564116528,195.20.49.25
autodiscover.taxadvisorsclaphamjunction.co.uk,1564117371,89.248.53.218
aca2d75a.ipt.aol.com,1548431112,172.162.215.90
agweb3.alphabetgraphics.com,1564116145,76.12.175.118
adsl-99-154-222-247.dsl.hstntx.sbcglobal.net,1564115351,99.154.222.247
abordeaux-157-1-9-207.w90-16.abo.wanadoo.fr,1561090537,90.16.150.207
anzhuoyouxilaohuji.ktv.59jt.com,1564116482,173.208.95.242
adsl-68-220-183-178.mob.bellsouth.net,1564115230,68.220.183.178
acbfe808.ipt.aol.com,1547223081,172.191.232.8
apn-5-60-223-150.dynamic.gprs.plus.pl,1564116589,5.60.223.150
arennes-656-1-219-95.w2-12.abo.wanadoo.fr,1554483226,2.12.159.95
ao0088.uvt.nl,1564116542,137.56.254.88
a104-74-77-169.deploy.static.akamaitechnologies.com,1564114211,104.74.77.169
adsl-216-101-71-119.dsl.lsan03.pacbell.net,1561091466,216.101.71.119
aca38bbd.ipt.aol.com,1548431095,172.163.139.189
a89-182-218-15.net-htp.de,1564114697,89.182.218.15
ae5-177.bar2.tampa1.level3.net,1564115611,4.53.172.45
athedsl-4367220.home.otenet.gr,1564117338,79.130.19.100
asesoriagutierrez.com,1564116926,185.104.152.230
autodiscover.kz-construction.com,1564117740,108.167.160.33
alcoholisten.eu,1564116185,89.188.31.238
aym147.neoplus.adsl.tpnet.pl,1564117729,83.27.124.147
adsl-99-105-31-120.dsl.hstntx.sbcglobal.net,1564115349,99.105.31.120
athedsl-4392407.home.otenet.gr,1564117013,79.130.117.199
aebp80.neoplus.adsl.tpnet.pl,1564115483,79.186.41.80
arennes-658-1-276-46.w92-135.abo.wanadoo.fr,1561092808,92.135.73.46
aldenas.com,1564170090,184.168.221.48 50.63.202.47
acc8c0a8.ipt.aol.com,1548431258,172.200.192.168
antonante-toyota.it,1564116487,94.23.73.76
athedsl-98057.home.otenet.gr,1564117147,87.202.184.87
adijon-655-1-62-145.w86-197.abo.wanadoo.fr,1561091132,86.197.229.145
agriclubachat.com,1564115821,46.105.172.145
abmahnbetrug.de,1564114679,62.108.32.133
accf01fc.ipt.aol.com,1548431474,172.207.1.252
adsl-75-50-35-72.dsl.sfldmi.sbcglobal.net,1564115274,75.50.35.72
apn-77-113-180-206.dynamic.gprs.plus.pl,1564116969,77.113.180.206
a96-16-189-145.deploy.static.akamaitechnologies.com,1564114662,96.16.189.145
accf4cee.ipt.aol.com,1548431165,172.207.76.238
apn-77-113-192-246.dynamic.gprs.plus.pl,1564116610,77.113.192.246
athinais2.hypercenter.gr,1564117121,82.145.47.118
amx58.internetdsl.tpnet.pl,1564116465,83.17.79.58
ashlear.com,1564116885,192.185.92.6
adsl-99-123-134-144.dsl.ksc2mo.sbcglobal.net,1564115686,99.123.134.144
amxpjms.dydrjxsb.cn,1554482780,47.91.170.222
az.r4dius.com,1564117663,40.84.24.205
autodiscover.thezash.com,1564117279,50.28.38.87
accfa184.ipt.aol.com,1547854592,172.207.161.132
altok.lnx.warwick.ac.uk,1564116170,137.205.66.82
anunturi-sebes.ro,1564117170,188.214.18.45
agrodiskont.pl,1564115850,188.128.255.251
alelmot.fun,1564116111,47.107.142.170
athomeart.hu,1564117503,109.232.200.30
adijon-658-1-15-151.w86-223.abo.wanadoo.fr,1561090888,86.223.118.151
autodiscover.tiagweb.ch,1564117503,195.191.240.16
abo-152-172-68.bab.modulonet.fr,1564114494,85.68.172.152
ati120-61.ati.tuwien.ac.at,1564117158,128.131.61.120
amymuller.com,1564116336,184.168.221.43
a96-17-143-40.deploy.akamaitechnologies.com,1564114393,96.17.143.40
agszvu.lbajgq.cn,1553876555,154.220.179.169
aletharead.com,1564116839,50.63.78.1
abc-drama.com,1564114420,174.142.214.200
aomenbocairuanjian.smacelec.com,1564116522,137.175.80.47 142.0.141.76
abc-usdc.com,1564114397,184.168.131.241
aomenbocaiwangouzhoubei.hyslyfdyxh.com,1564116634,67.198.162.228
azioy.tyb888.cn,1564117917,104.217.24.42
alexanderandmichael.com,1564116427,154.30.200.2
autodiscover.cblsoaps.com,1564117049,50.87.249.23
ahadtextile.com,1564115906,93.89.226.17
accc3cd1.ipt.aol.com,1547854794,172.204.60.209
alvavideo.com,1564116390,184.168.131.241
autodiscover.uploadllc.com,1564117181,50.87.249.38
accc6045.ipt.aol.com,1548431741,172.204.96.69
autodiscover.ur3dpro.com,1564117246,198.57.247.231
as132231.agonet.it,1564116775,212.69.132.231
azpg0j.njjdlx.com,1564117638,23.83.18.44
autodiscover.bostonarthritiscenter.com,1564117095,208.68.106.33
accd1b19.ipt.aol.com,1547855282,172.205.27.25
ac9ead1c.ipt.aol.com,1548431350,172.158.173.28
ac9f4be0.ipt.aol.com,1548431225,172.159.75.224
ac9f6df1.ipt.aol.com,1548431335,172.159.109.241
bba417007.alshamil.net.ae,1564118614,83.110.196.193
boyinyulechengfanshuiduoshao.runwellcrm.com,1564119307,45.35.36.165
broadband-5-228-133-205.nationalcablenetworks.ru,1564119475,193.227.240.131
b-cn1204.hpc2n.umu.se,1564117685,130.239.242.142
bfr-guild.com,1564118668,107.151.100.51
broadband-5-228-162-108.ip.moscow.rt.ru,1564119709,5.228.162.108
b-group.site,1564118413,31.31.196.118
biggboss11auditions2017.xyz,1564118836,219.94.224.112 49.212.124.161
bestof-tgp.com,1564118705,195.56.193.78
bedroomblinds.co.uk,1564118628,52.16.25.241
blueponds.com,1564119086,45.56.111.241
bestoflbi.buzz,1564118663,216.15.222.111
biggirlproduction.net,1564118748,104.17.202.73 104.17.203.73 104.17.204.73 104.17.205.73 104.17.206.73
b-internet.176.48.180.10.nsk.rt.ru,1564117719,87.239.45.231
bko1908.com,1564118845,23.236.62.147
broadband-188-32-112-12.ip.moscow.rt.ru,1564119689,188.32.112.12
broadband-5-228-213-187.nationalcablenetworks.ru,1564119641,193.227.240.131
bonedrone.buzz,1564119193,184.168.221.55
bcttxkwdjktimjhxo.org,1564118409,216.218.185.162
begin.frl,1564118578,52.58.78.16
business-90-187-184-210.pool2.vodafone-ip.de,1564119649,90.187.184.210
beginnersfatloss.com,1561094475,50.63.202.63
broadband-188-32-149-148.ip.moscow.rt.ru,1564119458,188.32.149.148
bulldogs.co.nz,1564119571,23.236.62.147
business-90-187-238-78.pool2.vodafone-ip.de,1564119663,90.187.238.78
bdgcfe-220-32.slb.com,1564118580,136.254.220.32
bras-vprn-stsvpq0703w-lp140-04-184-145-172-204.dsl.bell.ca,1564119583,184.145.172.204
bcyxzxw.zgjinhui.cn,1554484968,23.107.140.229
buywinechauffeur.com,1564119711,184.168.131.241
behavioral.lab.uts.edu.au,1564118691,138.25.10.64
bd.79.8c0d.ip4.static.sl-reverse.com,1564118622,13.140.121.189
beheliit.tumblr.com,1564118510,66.6.32.21 66.6.33.149 66.6.33.21
bigmoneytruckingjobs.com,1564118759,184.168.221.39
business-c2592a-233.syi.inet.fi,1564119628,194.89.42.233
business-c2592f-45.syi.inet.fi,1564119644,194.89.47.45
bandaocar.com,1564118278,154.94.50.136
b53961be08ac878d5aa2f322.keenetic.io,1564117991,78.140.221.118
bdhbee-131-126.slb.com,1564118583,137.144.131.126
bzq-79-180-44-50.red.bezeqint.net,1564119909,79.180.44.50
bocaixinyupaixing.highwaynews.com.cn,1554485645,154.210.178.227
baijialeyouxiguize.boytoys.cn,1551458521,103.232.215.153
bax16-1-78-213-188-154.fbx.proxad.net,1564118314,78.213.188.154
bzq-79-180-67-205.red.bezeqint.net,1564119990,79.180.67.205
bba571203.alshamil.net.ae,1564118397,86.98.209.211
beschriftungen-gassmann.com,1564119155,81.169.145.66
bzq-79-180-80-221.red.bezeqint.net,1564120058,79.180.80.221
bluewallworkshop.com,1564119088,91.195.240.82
broadband-77-37-179-156.nationalcablenetworks.ru,1564119511,193.227.240.131
born.securehostsite.info,1564119497,72.18.154.61
bornagainfloozies.com,1564119286,195.54.32.51
bumnki.com,1564119828,202.74.238.130
barkhamstedbaseball.com,1564118217,18.232.189.19 34.205.117.250 34.227.216.138
b-internet.176.51.15.112.nsk.rt.ru,1564118036,87.239.45.231
bsn-182-28-193.dynamic.siol.net,1550250464,109.182.28.193
bayareamusicoutreach.org,1564118457,173.13.176.77
boro-fresh.ru,1564119296,92.53.96.46
businesscoach-bonn.com,1564120845,81.169.145.159
bespokemotion.com,1564118719,50.63.202.60
boroniakitchen.com.au,1564119223,101.0.117.124
banner-admin-prod.oswego.edu,1564118856,129.3.232.82
bad56-h01-176-135-115-24.dsl.sta.abo.bbox.fr,1564118010,176.135.115.24
bocaiseo.aiqingshiguangji.com,1564119235,107.160.162.94
blog.dormbuys.com,1564119074,198.58.118.167 45.33.2.79 45.33.23.183 45.56.79.23 45.79.19.196 96.126.123.244
b31d7e.aws.radiantlock.org,1564118117,52.52.25.188
bdcinsulation.com,1564118577,23.236.62.147
businessexittools.com,1564119652,192.185.5.194
blackdenimusa.com,1564118947,50.63.202.54
broadband-82-140-252-200.atc.tvcom.ru,1564119486,82.140.252.200
businessgems.com,1564119816,35.169.58.188 54.208.77.124
broadband-90-154-66-137.ip.moscow.rt.ru,1564119628,90.154.66.137
bsrperformance.com,1564119773,50.63.202.65
bantinvietnam.com,1564118318,91.195.240.126
brainmelt.de,1564119457,217.160.0.192
bookarena.co.nz,1554485824,43.229.62.163
bookave.com,1564119251,199.59.242.150
bba89497.alshamil.net.ae,1564118585,217.164.185.89
bgdbii-105-217.slb.com,1564118658,163.188.105.217
box-of-tricks.com,1564119337,184.168.221.39 184.168.221.58
brakeshop.com.mx,1550873787,65.99.252.139
bzq-109-67-26-206.red.bezeqint.net,1564120068,109.67.26.206
bgdbii-133-206.slb.com,1564118650,163.188.133.206
bestbfilm81.tk,1564118622,195.20.47.111
blacknolimitsub.jasminarchive.com,1564118892,134.19.178.18
b-readontv.ml,1564117713,195.20.52.64
b-refinance16.us,1564117746,104.27.186.138 104.27.187.138
bzq-114-145-102.cust.bezeqint.net,1564119866,192.114.145.102
beertabanaadir.so,1564118572,62.138.24.45
bur64-h04-176-136-28-23.dsl.sta.abo.bbox.fr,1564119680,176.136.28.23
beetlethumbs.com,1564118458,173.254.28.93
bband-dyn136.178-41-160.t-com.sk,1564118806,178.41.160.136
b2b-78-94-79-255.unitymedia.biz,1564117866,78.94.79.255
b2b-78-94-86-75.unitymedia.biz,1564117941,78.94.86.75
boccardi.serviziperlapa.it,1564119519,178.249.187.174
bborsuk.com,1564118460,184.168.221.49
bbp.com,1564118414,69.172.201.153
boxingasylum.com,1564119298,184.168.221.52
b.mx.a20.lv,1564117777,93.185.100.244
btbbdn.biz,1554486059,104.164.117.165
bmhylcxyzy.twcdj.cn,1564118994,146.148.181.22
bodasdeoro.com.mx,1564119161,149.202.147.89
books4sleds.com,1564119249,72.10.50.71
bcdf0697.skybroadband.com,1564118444,188.223.6.151
bmw-rdwcheck.nl,1564119017,185.87.187.181
blackwatercreative.com.au,1564118937,223.130.27.40
business-176-094-006-157.static.arcor-ip.net,1564119892,176.94.6.157
business-176-094-017-087.static.arcor-ip.net,1561095715,176.94.17.87
b2b.proxymed.net,1561093999,204.11.56.37
bras-base-mtrlpq2718w-grc-03-67-71-133-191.dsl.bell.ca,1564119572,67.71.133.191
bas6-kitchener06-70-49-23-50.dsl.bell.ca,1550249418,70.49.23.50
betonconstruct.cz,1564118606,85.239.227.188
bras-base-mtrlpq2763w-grc-05-184-147-254-38.dsl.bell.ca,1564119357,184.147.254.38
bergimkerei.ch,1564118539,34.248.106.216
bras-base-mtrlpq2772w-grc-01-184-145-181-58.dsl.bell.ca,1564119467,184.145.181.58
bzq-109-65-89-29.red.bezeqint.net,1564119910,109.65.89.29
bmytv7.lqfap.cn,1561095061,47.91.170.222
beirut.chickentesting.com,1564118516,54.235.243.17
bashandbloom.com,1564118262,198.185.159.144 198.185.159.145 198.49.23.144 198.49.23.145
btfdon1711w-grc-08-65-93-63-0.dsl.bell.ca,1564119549,65.93.63.0
baishengboyulezaixian.sxabt.cn,1564118515,172.247.50.94
bdr64-1-88-171-90-136.fbx.proxad.net,1564118666,88.171.90.136
b2i7c.855626.com,1564117960,107.160.49.174
bras-vprn-bmvlpq0303w-lp130-02-174-89-117-221.dsl.bell.ca,1564119430,174.89.117.221
bibczyt2.fils.us.edu.pl,1564118700,155.158.209.171
bz734-1-78-233-188-241.fbx.proxad.net,1564119935,78.233.188.241
bzq-82-81-107-56.red.bezeqint.net,1564119818,82.81.107.56
business-176-095-143-013.static.arcor-ip.net,1564119605,176.95.143.13
bthouvenin.ancrage.net,1561095573,213.186.33.2
blogs.thebulto.com,1549645624,198.204.239.67
bzq-109-66-243-200.red.bezeqint.net,1564120151,109.66.243.200
bbs.sx.fang.com.aiheilongjiang.cn,1564118773,142.4.105.50
booranholden.safenetbox.biz,1564119318,45.64.150.4
bettercollmatt.com,1564118782,54.36.91.62
btm30.rongjiancw.cn,1554486016,23.110.39.140
bloku.com,1564118989,69.172.201.153
bchcsd.com,1564118365,184.168.131.241
bureauhousetest.dedicated.co.za,1564119711,154.0.166.60
billionchristians.com,1564119680,50.63.202.50
bnet4815.super.carnet.hr,1564119146,31.147.164.207
blasting-expert.mail.protection.outlook.com,1564118942,104.47.5.36 104.47.6.36
beachcostumes.com,1564118532,185.206.180.100
bzq-103-168-31-68.red.bezeqint.net,1564120413,31.168.103.68
burgesses.synology.me,1564119790,31.50.90.197
b7lbzt.6ose.cn,1561095236,47.91.170.222
bettingadvices.tk,1548435638,104.28.4.93 104.28.5.93
breathethesacredintothestorm.com,1564119463,50.63.202.5
buttinseats.com,1564120159,184.168.221.59
bciafi-47-144.slb.com,1564118682,128.58.47.144
breckenridgesleighrides.org,1564119742,50.63.202.49
brookhobby.com,1564119496,216.32.153.106
bciafi-9-214.slb.com,1564118514,128.58.9.214
blog.tdstoragebay.com,1564118957,96.75.234.225
botanicaltakeaways.meantm.com,1564119494,103.49.205.9
brooklyndodgers-book.com,1546622085,170.171.208.107
bentogirl.com,1564118685,70.32.29.236
bofcc.intentionalism.net,1550250195,74.220.215.75
bzq-84-110-13-190.red.bezeqint.net,1564119881,84.110.13.190
bev15.itcs.uiuc.edu,1564118617,128.174.33.15
burlon0312w-lp130-02-64-229-64-88.dsl.bell.ca,1564120107,64.229.64.88
b8ws3j.gov.dbw7.cn,1554484438,47.91.170.222
blog.virtualdream.cz,1564119218,136.243.20.99
b8yqj.qxzhtnz.cn,1564118013,47.91.170.222
bleakwoods.com,1554485377,72.167.191.69
bidtasker.com,1564118888,64.46.62.180
barbkalman.com,1561094504,52.25.92.0
brendaangel.com,1564119558,97.74.215.17
bogod.org,1564119291,184.168.221.63
bzq-82-81-164-219.red.bezeqint.net,1564120391,82.81.164.219
bcjaih-240-121.slb.com,1564118641,129.87.240.121
brendanellis.com,1564119619,198.185.159.144 198.185.159.145 198.49.23.144 198.49.23.145
bbjoyriders.com,1564118362,66.96.133.22
bing198.watson122.binghamton.edu,1564118760,128.226.122.198
bob75-8-88-169-117-239.fbx.proxad.net,1564119197,88.169.117.239
batimutfak.net,1564118394,209.99.40.223
bithouseurope.vivirconcripto.com,1564118827,185.127.131.7
batisud-net.mail.protection.outlook.com,1564118312,104.47.5.36 104.47.6.36
bobandkellystouffer.com,1564116644,98.235.102.46
buyclonekit.com,1554486446,50.63.202.81
baijialeluntan.chxinan.com,1564118133,172.80.1.149
brentwoodlacasa.com,1564119455,69.195.124.59
brownandbates-nz.mail.protection.outlook.com,1564119449,104.47.124.36 104.47.125.36
batremovalfortmyers.com,1564118302,184.168.221.44
bmmsd.vuagvx.com,1548435450,146.148.153.28
boh-cmts-c3-subinterface-cable-1-0-0-94-74-200-1.net.rionet.cz,1564119254,94.74.200.1
beleavex2.com,1564118554,88.208.38.30
bioinput.lin22.host25.com,1564118921,195.201.192.20
brn-6-154.adsl.sky.cz,1564119647,193.165.6.154
bitspluscontext.com,1554485790,104.28.22.63 104.28.23.63
bougarygroup.com,1564119260,208.91.197.27
bangreade.ml,1564118145,195.20.52.32
beresneva.org,1564118777,91.149.157.145
broadband-188-32-178-136.ip.moscow.rt.ru,1564119427,188.32.178.136
bcpaz.com,1564118671,199.34.228.58
browze.club,1564119602,193.234.30.16
broadband-178-140-145-179.nationalcablenetworks.ru,1564119412,193.227.240.131
bb220-255-39-73.singnet.com.sg,1564118631,220.255.39.73
business-213-023-175-097.static.arcor-ip.net,1564119665,213.23.175.97
bzq-62-219-20-82.dcenter.bezeqint.net,1564119824,62.219.20.82
believeingod.info,1564118485,74.220.199.8
brquw.net,1549045062,208.91.197.132
business-213-023-232-122.static.arcor-ip.net,1564119608,213.23.232.122
bde42d8a93df4e9ac2f4b222.keenetic.io,1564118954,88.198.177.103
bzq-84-109-142-58.cablep.bezeqint.net,1564119824,84.109.142.58
buagg.loan,1554486024,107.151.137.94
bet365tiyuzaixian.fz.czyzpp.com,1564118551,45.39.59.16
bmvvw.vsuvsu.com,1548435398,146.148.153.6
bljk.smarttinfo.com,1564118941,118.31.68.212
bauelemente-haeber.de,1564118299,81.169.145.163
bgdbii-250-192.slb.com,1564118775,163.188.250.192
bellaquawater.net,1564118595,184.168.131.241
business-24-134-42-188.pool2.vodafone-ip.de,1564119621,24.134.42.188
beautifysstylish.top,1564118750,104.28.8.97 104.28.9.97
bgdbie-255-224.slb.com,1564118789,163.184.255.224
bgdbie-44-150.slb.com,1564118737,163.184.44.150
bolook.com,1564119374,192.99.201.48
baicb85d819.bai.ne.jp,1564118156,203.133.216.25
buch-cd.de,1564120273,217.160.0.175
bx5t2h8v.shop,1564119848,72.52.178.23
bb116-14-198-60.singnet.com.sg,1564118428,116.14.198.60
bjpimre1156.host,1546621383,37.49.225.10
bo.lucallemand.com,1564119095,213.186.33.17
beautybusiness.ryanandbryan.com,1564118490,192.254.190.164
brulee.com,1561095534,52.219.100.219
boa44-2-78-203-11-126.fbx.proxad.net,1564119140,78.203.11.126
bdgcej-167-118.slb.com,1564118402,136.249.167.118
b2b-37-24-51-128.unitymedia.biz,1564117898,37.24.51.128
beautyisinfinitecom.scottshiverscs.com,1564118481,192.254.233.105
business-89-135-127-121.business.broadband.hu,1564119606,89.135.127.121
binter.binterjet.id,1564118925,103.247.9.148
bxqmmbe.vip,1552064994,107.183.90.141
brush4hair.com,1564119550,188.93.75.94
bba175197.alshamil.net.ae,1564118418,217.165.30.191
bose.wbs.ac.uk,1554485759,137.205.186.156
broadband-46-188-37-1.2com.net,1561095456,46.188.37.1
balticom-3-137.balticom.lv,1564118192,77.93.3.137
beautytrinity.com,1564118553,50.63.202.34
bud02s27-in-f29.1e100.net,1564119596,172.217.19.125
bl10-36-235.dsl.telepac.pt,1554485598,85.243.36.235
brustkrebs-diagnose.de,1564119529,212.227.89.107
bdgcfa-114-175.slb.com,1564118940,136.250.114.175
broadband-46-188-84-200.2com.net,1561095472,46.188.84.200
babyoptima.com.mx,1564117987,198.71.53.199
boatingspecialist.com,1564119292,69.172.201.153
bendclasses.com,1564118593,104.253.114.58
brian-gibson.com,1564119577,23.236.62.147
briancalliesfoundation.org,1564119716,184.168.131.241
bob-bishop.awardspace.com,1548435407,185.176.43.31
bgshopgoods.xyz,1554485177,104.28.24.200 104.28.25.200
bzq-84-111-46-128.cablep.bezeqint.net,1564119948,84.111.46.128
bl14-88-40.dsl.telepac.pt,1564118971,85.247.88.40
b2b-78-94-33-95.unitymedia.biz,1564117942,78.94.33.95
blk-222-43-42.eastlink.ca,1564119309,24.222.43.42
broadband-46-242-35-122.nationalcablenetworks.ru,1564120226,193.227.240.131
byajohn.com,1564120167,107.161.23.204 192.161.187.200 209.141.38.71
bng-212-214-214-dsl.simobil.net,1564119510,146.212.214.214
broadband-46-242-65-191.nationalcablenetworks.ru,1564119441,193.227.240.131
bcdc382a.skybroadband.com,1564118412,188.220.56.42
bahcesehirdovmepiercing.com,1561094017,209.99.40.222
b62e073035.cern.ch,1554484352,188.185.226.204
bdgcfb-101-206.slb.com,1564118530,136.251.101.206
broadband-178-140-79-99.ip.moscow.rt.ru,1564119486,178.140.79.99
benewblindsvcsget.live,1564119082,104.31.76.187 104.31.77.187
bband-dyn239.95-103-241.t-com.sk,1564118366,95.103.241.239
bcdc70ba.skybroadband.com,1564118525,188.220.112.186
bb.32-106-214-233.bru.be.prserv.net,1564118271,32.106.214.233
bahooreview.betterthanokay.com,1564117991,192.185.16.187
bband-dyn248.178-40-51.t-com.sk,1564118318,178.40.51.248
budvestor.com,1564170286,184.168.221.51 50.63.202.33
bll62-1-88-187-128-48.fbx.proxad.net,1564119153,88.187.128.48
bodogwangshangyulechengkehuduan.cs91.cn,1564119209,172.107.105.124
buschi.de,1564119749,185.53.178.6
bluediamondseo.com,1564118975,50.63.14.118
bip-static-168.213-81-131.telecom.sk,1564118900,213.81.131.168
bas1-chicoutimi03-206-172-146-222.dsl.bell.ca,1564118151,206.172.146.222
bdgcfb-69-117.slb.com,1564118458,136.251.69.117
